<beans xmlns="http://www.springframework.org/schema/beans"
	xmlns:mvc="http://www.springframework.org/schema/mvc" xmlns:context="http://www.springframework.org/schema/context"
	xmlns:xsi="http://www.w3.org/2001/XMLSchema-instance" xmlns:tx="http://www.springframework.org/schema/tx"
	xmlns:aop="http://www.springframework.org/schema/aop" xmlns:hz="http://www.hazelcast.com/schema/spring"
	xsi:schemaLocation="
        http://www.springframework.org/schema/beans     
        http://www.springframework.org/schema/beans/spring-beans.xsd
        http://www.springframework.org/schema/mvc 
        http://www.springframework.org/schema/mvc/spring-mvc.xsd
        http://www.springframework.org/schema/aop
        http://www.springframework.org/schema/aop/spring-aop.xsd
        http://www.springframework.org/schema/context 
        http://www.springframework.org/schema/context/spring-context.xsd
        http://www.springframework.org/schema/tx 
        http://www.springframework.org/schema/tx/spring-tx-4.0.xsd
        http://www.hazelcast.com/schema/spring https://hazelcast.com/schema/spring/hazelcast-spring-3.8.xsd">
	
	<context:property-placeholder location="classpath:${mule.env}.properties" />
	
	<context:component-scan base-package="com.jpa.optima.admin.controller" />

	<bean id="multipartResolver"
		class="org.springframework.web.multipart.support.StandardServletMultipartResolver" />

	<bean id="viewResolver"
		class="org.springframework.web.servlet.view.UrlBasedViewResolver">
		<property name="viewClass"
			value="org.springframework.web.servlet.view.JstlView" />
		<property name="prefix" value="/production/" />
		<property name="suffix" value=".jsp" />
	</bean>

	<hz:hazelcast id="instance">
		<hz:config>
			<hz:group name="web-admin-new" password="b1zd3v" />
			<hz:network port="5701" port-auto-increment="true">
				<hz:join>
					<hz:multicast enabled="true" multicast-group="224.2.2.3"
						multicast-port="54327" />
				</hz:join>
			</hz:network>
			<hz:map name="Member" time-to-live-seconds="3600" />
			<hz:map name="TransactionHistory" time-to-live-seconds="180" />
		</hz:config>
	</hz:hazelcast>
</beans>