<beans xmlns="http://www.springframework.org/schema/beans"
	xmlns:mvc="http://www.springframework.org/schema/mvc" xmlns:context="http://www.springframework.org/schema/context"
	xmlns:xsi="http://www.w3.org/2001/XMLSchema-instance"
	xsi:schemaLocation="
        http://www.springframework.org/schema/beans     
        http://www.springframework.org/schema/beans/spring-beans.xsd
        http://www.springframework.org/schema/mvc 
        http://www.springframework.org/schema/mvc/spring-mvc.xsd
        http://www.springframework.org/schema/context 
        http://www.springframework.org/schema/context/spring-context.xsd">

	<bean id="JmsTemplate" class="org.springframework.jms.core.JmsTemplate">
		<property name="connectionFactory" ref="ConnectionFactory" />
	</bean>
	<bean id="AMQConnectionFactory" class="org.apache.activemq.ActiveMQConnectionFactory">
		<constructor-arg index="0"
			value="failover:tcp://149.129.212.174:61617" />
	</bean>

	<!-- <bean id="AMQConnectionFactory" class="org.apache.activemq.ActiveMQConnectionFactory">
		<constructor-arg index="0"
			value="failover:tcp://192.168.27.26:61617" />
	</bean> -->

	<bean id="ConnectionFactory"
		class="org.springframework.jms.connection.SingleConnectionFactory">
		<constructor-arg ref="AMQConnectionFactory" />
	</bean>

	<bean id="DestinationQueue" class="org.apache.activemq.command.ActiveMQQueue">
		<constructor-arg index="0" value="test" />
	</bean>

</beans>